Data,Campanha,Canal,Segmento_Alvo,Produto_Servico,Regiao,Tipo_Anuncio,Impressoes,Cliques,Custo,Conversoes,Receita,Leads_Gerados,Taxa_Cliques,Custo_Por_Clique,Custo_Por_Conversao,Retorno_Sobre_Investimento
2024-12-29,Campanha D,Email Marketing,Famílias,Produto Y,Sudeste,Carrossel,12458,1020,381.51,34,1663.65,52,8.19,0.37,11.22,336.07
2024-08-29,Campanha A,Google Ads,Famílias,Produto X,Centro-Oeste,Vídeo,41048,910,4231.17,41,5674.86,48,2.22,4.65,103.2,34.12
2024-08-07,Campanha B,Facebook Ads,Idosos,Produto Y,Nordeste,Banner,83407,4434,1897.56,387,5287.43,342,5.32,0.43,4.9,178.64
2024-08-27,Campanha B,Facebook Ads,Adultos,Serviço Z,Sudeste,Vídeo,3621,133,976.46,11,3448.45,0,3.67,7.34,88.77,253.16
2024-08-17,Campanha A,Facebook Ads,Jovens,Produto X,Norte,Vídeo,57285,2658,3772.2,238,4765.47,42,4.64,1.42,15.85,26.33
2024-03-31,Campanha D,SEO,Empresas,Produto W,Nordeste,Banner,65305,985,4698.72,11,8311.88,7,1.51,4.77,427.16,76.9
2024-07-17,Campanha D,Social Media Orgânica,Idosos,Produto W,Sudeste,Banner,41402,2962,3232.41,116,6495.81,43,7.15,1.09,27.87,100.96
2024-08-17,Campanha B,Google Ads,Idosos,Produto X,Sul,Carrossel,10711,726,1204.41,47,2359.5,10,6.78,1.66,25.63,95.91
2024-10-05,Campanha D,SEO,Jovens,Produto X,Sudeste,Texto,60170,3869,747.85,178,3484.24,325,6.43,0.19,4.2,365.9
2024-01-29,Campanha B,Google Ads,Idosos,Produto Y,Sudeste,Banner,52157,422,1447.77,5,6280.22,8,0.81,3.43,289.55,333.79
2024-12-09,Campanha C,SEO,Empresas,Produto Y,Centro-Oeste,Texto,98334,8347,1972.16,46,8576.58,28,8.49,0.24,42.87,334.88
2024-09-17,Campanha C,Social Media Orgânica,Adultos,Produto W,Norte,Banner,91369,2167,192.42,155,505.33,286,2.37,0.09,1.24,162.62
2024-06-05,Campanha C,Facebook Ads,Adultos,Produto W,Norte,Carrossel,34375,2638,4828.86,120,12189.6,79,7.67,1.83,40.24,152.43
2024-10-09,Campanha A,Social Media Orgânica,Famílias,Produto X,Norte,Carrossel,23451,433,2592.56,17,11503.07,20,1.85,5.99,152.5,343.7
2024-04-13,Campanha B,Email Marketing,Famílias,Produto W,Norte,Banner,73786,916,1311.81,40,3561.03,67,1.24,1.43,32.8,171.46
2024-03-01,Campanha B,Google Ads,Adultos,Produto W,Sudeste,Carrossel,56605,3663,3030.55,329,11510.86,504,6.47,0.83,9.21,279.83
2024-11-15,Campanha D,Google Ads,Idosos,Produto Y,Nordeste,Banner,97847,2234,1536.43,142,6980.61,281,2.28,0.69,10.82,354.34
2024-09-04,Campanha B,Email Marketing,Empresas,Produto W,Centro-Oeste,Texto,57950,4455,3168.33,198,13712.09,275,7.69,0.71,16.0,332.79
2024-01-08,Campanha D,Email Marketing,Jovens,Produto X,Nordeste,Texto,29839,2048,2668.94,56,4500.78,79,6.86,1.3,47.66,68.64
2024-07-28,Campanha C,Facebook Ads,Adultos,Serviço Z,Nordeste,Texto,68017,3151,966.56,202,1893.78,135,4.63,0.31,4.78,95.93
2024-02-09,Campanha D,Facebook Ads,Empresas,Produto Y,Sudeste,Banner,18183,1243,3875.63,26,13981.06,39,6.84,3.12,149.06,260.74
2024-03-09,Campanha B,Social Media Orgânica,Famílias,Produto Y,Sudeste,Carrossel,77595,7593,1536.48,642,2257.49,1157,9.79,0.2,2.39,46.93
2024-09-02,Campanha B,SEO,Famílias,Produto W,Sul,Texto,69692,3470,4076.5,195,11836.37,299,4.98,1.17,20.91,190.36
2024-11-28,Campanha A,Facebook Ads,Adultos,Serviço Z,Norte,Banner,49434,3833,3866.01,43,7089.2,41,7.75,1.01,89.91,83.37
2024-10-16,Campanha D,Email Marketing,Adultos,Serviço Z,Nordeste,Texto,3592,281,3362.05,14,16368.69,23,7.82,11.96,240.15,386.87
2024-03-17,Campanha A,Social Media Orgânica,Adultos,Serviço Z,Sul,Vídeo,47202,245,686.11,19,3077.8,18,0.52,2.8,36.11,348.59
2024-04-22,Campanha C,Social Media Orgânica,Idosos,Produto X,Centro-Oeste,Vídeo,62588,241,370.05,11,1678.37,11,0.39,1.54,33.64,353.55
2024-08-04,Campanha B,Facebook Ads,Famílias,Produto X,Sul,Vídeo,87766,2914,4705.52,251,13472.07,300,3.32,1.61,18.75,186.3
2024-05-10,Campanha C,Facebook Ads,Famílias,Produto X,Sudeste,Banner,40398,2996,2692.06,109,9433.66,139,7.42,0.9,24.7,250.43
2024-10-05,Campanha C,SEO,Empresas,Produto W,Sudeste,Texto,30361,1604,4317.74,10,17180.77,8,5.28,2.69,431.77,297.91
2024-08-25,Campanha B,SEO,Jovens,Produto Y,Nordeste,Vídeo,83366,4951,2469.2,383,10413.89,319,5.94,0.5,6.45,321.75
2024-06-27,Campanha A,SEO,Empresas,Produto W,Sul,Vídeo,89760,850,1912.02,9,8010.56,4,0.95,2.25,212.45,318.96
2024-04-17,Campanha B,SEO,Idosos,Produto X,Norte,Vídeo,44131,3819,4165.84,236,14785.08,117,8.65,1.09,17.65,254.91
2024-11-09,Campanha A,SEO,Jovens,Serviço Z,Sudeste,Carrossel,33601,2777,2513.06,17,8093.81,29,8.26,0.9,147.83,222.07
2024-04-04,Campanha B,SEO,Famílias,Produto W,Norte,Vídeo,99634,3888,1990.44,235,6585.06,363,3.9,0.51,8.47,230.83
2024-12-06,Campanha C,Social Media Orgânica,Jovens,Produto W,Sul,Banner,5148,391,1998.68,3,8950.45,4,7.6,5.11,666.23,347.82
2024-06-12,Campanha D,Facebook Ads,Famílias,Produto X,Sudeste,Carrossel,30147,119,1926.13,9,7787.58,12,0.39,16.19,214.01,304.31
2024-11-19,Campanha D,Facebook Ads,Empresas,Produto W,Sul,Texto,30037,785,527.07,65,752.61,41,2.61,0.67,8.11,42.79
2024-11-11,Campanha B,Social Media Orgânica,Empresas,Serviço Z,Norte,Vídeo,98091,1709,4100.4,65,19538.89,13,1.74,2.4,63.08,376.51
2024-04-28,Campanha A,Facebook Ads,Famílias,Produto W,Nordeste,Vídeo,20937,496,1904.8,19,7818.43,17,2.37,3.84,100.25,310.46
2024-12-26,Campanha C,Facebook Ads,Famílias,Produto W,Nordeste,Vídeo,79821,1400,4044.47,106,5519.64,111,1.75,2.89,38.16,36.47
2024-03-21,Campanha C,SEO,Jovens,Serviço Z,Nordeste,Texto,38292,2953,3072.19,226,13677.81,188,7.71,1.04,13.59,345.21
2024-08-12,Campanha D,Google Ads,Famílias,Produto W,Norte,Banner,10717,724,854.68,19,1893.03,10,6.76,1.18,44.98,121.49
2024-03-08,Campanha C,Google Ads,Empresas,Serviço Z,Sudeste,Carrossel,31855,1837,408.29,170,588.71,150,5.77,0.22,2.4,44.19
2024-05-07,Campanha A,Google Ads,Adultos,Produto Y,Sudeste,Vídeo,92602,3582,4971.09,185,20094.78,166,3.87,1.39,26.87,304.23
2024-11-21,Campanha A,Email Marketing,Adultos,Produto Y,Nordeste,Carrossel,52981,275,3014.05,8,15053.9,14,0.52,10.96,376.76,399.46
2024-07-21,Campanha D,Social Media Orgânica,Famílias,Produto Y,Sul,Carrossel,56280,3819,1170.49,112,5219.43,57,6.79,0.31,10.45,345.92
2024-04-22,Campanha A,Google Ads,Empresas,Serviço Z,Sudeste,Texto,58753,1217,3358.89,19,14148.92,21,2.07,2.76,176.78,321.24
2024-08-20,Campanha B,SEO,Jovens,Produto Y,Sudeste,Texto,51130,1840,1239.11,147,2478.16,121,3.6,0.67,8.43,100.0
2024-03-08,Campanha A,Email Marketing,Famílias,Produto W,Nordeste,Banner,92372,2797,264.96,9,732.04,10,3.03,0.09,29.44,176.28
2024-03-22,Campanha C,Email Marketing,Jovens,Produto X,Centro-Oeste,Texto,36615,2135,3715.3,54,15580.18,48,5.83,1.74,68.8,319.35
2024-12-15,Campanha D,SEO,Empresas,Produto W,Sudeste,Vídeo,73275,1497,4230.22,34,16620.89,18,2.04,2.83,124.42,292.91
2024-05-25,Campanha C,Email Marketing,Famílias,Produto W,Sul,Banner,68211,1562,368.52,60,1660.76,48,2.29,0.24,6.14,350.66
2024-05-06,Campanha B,Email Marketing,Empresas,Produto X,Sudeste,Vídeo,98220,6292,4571.28,160,22181.92,5,6.41,0.73,28.57,385.25
2024-02-08,Campanha B,SEO,Famílias,Produto Y,Sudeste,Texto,32853,758,2132.64,66,7566.18,6,2.31,2.81,32.31,254.78
2024-01-25,Campanha D,SEO,Adultos,Produto X,Norte,Texto,55711,983,2872.86,24,10900.88,36,1.76,2.92,119.7,279.44
2024-08-23,Campanha C,SEO,Adultos,Produto X,Nordeste,Banner,38580,1411,1188.92,100,4184.53,100,3.66,0.84,11.89,251.96
2024-12-04,Campanha B,Google Ads,Idosos,Produto W,Norte,Texto,64216,769,1894.53,68,6739.43,131,1.2,2.46,27.86,255.73
2024-04-30,Campanha D,Facebook Ads,Famílias,Produto W,Sul,Texto,52347,4846,4159.3,143,17818.6,36,9.26,0.86,29.09,328.4
2024-04-06,Campanha B,Google Ads,Idosos,Serviço Z,Sul,Banner,49819,3610,769.18,356,2372.04,44,7.25,0.21,2.16,208.39
2024-11-25,Campanha B,Facebook Ads,Famílias,Produto X,Centro-Oeste,Vídeo,31230,1430,1478.5,54,4573.27,21,4.58,1.03,27.38,209.32
2024-12-11,Campanha C,Google Ads,Idosos,Produto X,Nordeste,Carrossel,94785,1530,4853.26,142,20222.85,150,1.61,3.17,34.18,316.69
2024-11-04,Campanha C,Facebook Ads,Idosos,Produto Y,Norte,Vídeo,58251,2693,407.49,117,1534.8,223,4.62,0.15,3.48,276.65
2024-10-20,Campanha A,Email Marketing,Famílias,Serviço Z,Centro-Oeste,Banner,37591,212,3491.19,13,4427.87,2,0.56,16.47,268.55,26.83
2024-03-13,Campanha C,Google Ads,Adultos,Produto Y,Nordeste,Texto,49848,562,4349.45,39,16597.65,65,1.13,7.74,111.52,281.6
2024-02-19,Campanha C,Google Ads,Famílias,Produto X,Sul,Banner,60726,5037,3487.79,213,13982.16,6,8.29,0.69,16.37,300.89
2024-08-21,Campanha D,Facebook Ads,Famílias,Produto Y,Norte,Carrossel,90023,6001,3308.46,496,15594.66,569,6.67,0.55,6.67,371.36
2024-03-22,Campanha B,SEO,Empresas,Produto W,Nordeste,Vídeo,90962,2828,734.88,185,1651.06,333,3.11,0.26,3.97,124.67
2024-06-21,Campanha C,SEO,Jovens,Serviço Z,Sul,Banner,23298,691,3906.27,22,11116.6,28,2.97,5.65,177.56,184.58
2024-08-18,Campanha C,SEO,Idosos,Produto Y,Norte,Texto,79995,2460,1512.99,66,7319.89,40,3.08,0.62,22.92,383.8
2024-09-20,Campanha D,Social Media Orgânica,Empresas,Produto W,Norte,Carrossel,2468,206,4559.15,5,20778.27,3,8.35,22.13,911.83,355.75
2024-05-04,Campanha D,SEO,Empresas,Serviço Z,Centro-Oeste,Vídeo,38095,3104,146.11,9,359.85,5,8.15,0.05,16.23,146.29
2024-10-21,Campanha A,Facebook Ads,Adultos,Produto Y,Nordeste,Vídeo,71841,5090,1576.35,28,2342.52,50,7.09,0.31,56.3,48.6
2024-10-26,Campanha A,Google Ads,Idosos,Produto Y,Centro-Oeste,Texto,89040,4925,2007.75,483,3311.47,115,5.53,0.41,4.16,64.93
2024-10-08,Campanha C,Google Ads,Idosos,Produto Y,Nordeste,Vídeo,78125,7506,1217.23,623,4839.76,1156,9.61,0.16,1.95,297.6
2024-07-13,Campanha D,SEO,Famílias,Serviço Z,Norte,Texto,29785,746,358.31,26,530.24,3,2.5,0.48,13.78,47.98
2024-07-24,Campanha C,SEO,Idosos,Produto Y,Sudeste,Carrossel,81307,6558,447.68,125,932.59,187,8.07,0.07,3.58,108.32
2024-06-23,Campanha C,Email Marketing,Idosos,Produto W,Sudeste,Texto,76257,5633,1904.47,298,3954.73,39,7.39,0.34,6.39,107.66
2024-01-27,Campanha A,Social Media Orgânica,Empresas,Produto X,Sul,Carrossel,62404,5623,2701.03,121,12897.48,86,9.01,0.48,22.32,377.5
2024-09-15,Campanha A,Facebook Ads,Empresas,Produto W,Centro-Oeste,Banner,32469,2918,1267.8,154,2215.92,241,8.99,0.43,8.23,74.78
2024-08-10,Campanha A,Email Marketing,Empresas,Produto Y,Nordeste,Vídeo,44916,1467,1080.68,52,5259.63,15,3.27,0.74,20.78,386.7
2024-05-31,Campanha B,Google Ads,Jovens,Produto X,Sudeste,Vídeo,55331,2157,4162.42,99,6372.86,9,3.9,1.93,42.04,53.1
2024-11-27,Campanha B,Email Marketing,Jovens,Produto Y,Norte,Texto,91139,3988,3934.59,149,19561.46,231,4.38,0.99,26.41,397.17
2024-11-05,Campanha D,Social Media Orgânica,Jovens,Serviço Z,Norte,Texto,67640,3665,4183.66,159,14956.16,123,5.42,1.14,26.31,257.49
2024-08-05,Campanha A,Social Media Orgânica,Famílias,Produto W,Sudeste,Vídeo,41160,2657,2178.09,71,6560.92,21,6.46,0.82,30.68,201.22
2024-06-09,Campanha C,Facebook Ads,Empresas,Serviço Z,Centro-Oeste,Carrossel,26967,2225,3177.12,134,11473.2,119,8.25,1.43,23.71,261.12
2024-08-04,Campanha D,Social Media Orgânica,Jovens,Produto Y,Norte,Vídeo,84761,398,4857.05,36,9633.13,10,0.47,12.2,134.92,98.33
2024-06-20,Campanha A,Email Marketing,Idosos,Serviço Z,Norte,Carrossel,1889,80,2428.89,5,7733.72,5,4.24,30.36,485.78,218.41
2024-12-15,Campanha A,Email Marketing,Idosos,Produto W,Centro-Oeste,Vídeo,39549,149,3137.44,11,6254.39,17,0.38,21.06,285.22,99.35
2024-06-24,Campanha B,Social Media Orgânica,Jovens,Serviço Z,Norte,Texto,79738,5179,4633.69,417,8434.72,319,6.5,0.89,11.11,82.03
2024-01-03,Campanha D,Email Marketing,Jovens,Produto X,Norte,Vídeo,15118,1150,4841.05,9,9059.05,8,7.61,4.21,537.89,87.13
2024-02-28,Campanha B,Email Marketing,Empresas,Produto Y,Sul,Banner,40258,3525,457.53,172,1225.44,309,8.76,0.13,2.66,167.84
2024-09-12,Campanha B,Facebook Ads,Famílias,Produto X,Norte,Vídeo,4829,108,1917.86,6,7637.73,5,2.24,17.76,319.64,298.24
2024-09-14,Campanha C,Google Ads,Famílias,Produto W,Norte,Texto,7735,105,4255.06,7,20713.37,3,1.36,40.52,607.87,386.79
2024-05-12,Campanha D,Social Media Orgânica,Adultos,Produto Y,Norte,Banner,22690,1894,2154.71,28,4142.08,43,8.35,1.14,76.95,92.23
2024-07-27,Campanha D,Email Marketing,Jovens,Produto Y,Nordeste,Texto,89846,7804,661.68,728,1106.83,894,8.69,0.08,0.91,67.28
2024-12-25,Campanha A,Email Marketing,Jovens,Produto W,Sudeste,Vídeo,25517,1956,3186.59,71,11710.79,115,7.67,1.63,44.88,267.5
2024-06-27,Campanha C,SEO,Famílias,Produto Y,Centro-Oeste,Carrossel,61773,2775,2516.8,121,7422.53,184,4.49,0.91,20.8,194.92
2024-08-08,Campanha C,Social Media Orgânica,Adultos,Produto Y,Centro-Oeste,Carrossel,61810,5048,1331.41,207,1864.74,197,8.17,0.26,6.43,40.06
2024-10-24,Campanha A,Social Media Orgânica,Empresas,Serviço Z,Norte,Texto,13731,1087,3876.62,101,14285.19,120,7.92,3.57,38.38,268.5
2024-03-27,Campanha A,Facebook Ads,Jovens,Produto Y,Centro-Oeste,Vídeo,35138,1709,4751.26,151,6735.05,244,4.86,2.78,31.47,41.75
2024-03-19,Campanha A,SEO,Idosos,Serviço Z,Sul,Vídeo,31817,1137,4582.38,95,6486.31,84,3.57,4.03,48.24,41.55
2024-08-01,Campanha A,SEO,Jovens,Produto W,Sul,Texto,86276,1756,3084.79,79,6273.97,36,2.04,1.76,39.05,103.38
2024-08-31,Campanha C,Facebook Ads,Idosos,Produto Y,Sul,Texto,70147,1233,1273.95,110,2112.94,79,1.76,1.03,11.58,65.86
2024-08-15,Campanha B,Google Ads,Famílias,Serviço Z,Sul,Vídeo,11962,735,2205.69,17,3826.49,19,6.14,3.0,129.75,73.48
2024-07-04,Campanha A,Facebook Ads,Jovens,Serviço Z,Norte,Carrossel,17463,1729,4360.71,44,5264.17,45,9.9,2.52,99.11,20.72
2024-06-11,Campanha B,SEO,Jovens,Produto X,Sul,Carrossel,98011,7887,2117.5,720,7256.43,1175,8.05,0.27,2.94,242.69
2024-03-27,Campanha A,Google Ads,Adultos,Produto X,Centro-Oeste,Texto,51619,821,2067.35,65,2622.14,54,1.59,2.52,31.81,26.84
2024-11-24,Campanha A,Facebook Ads,Empresas,Produto Y,Centro-Oeste,Banner,16927,428,2675.67,30,12873.27,38,2.53,6.25,89.19,381.12
2024-04-10,Campanha A,Facebook Ads,Famílias,Serviço Z,Nordeste,Vídeo,9435,93,913.84,3,3929.48,4,0.99,9.83,304.61,330.0
2024-06-13,Campanha B,SEO,Famílias,Serviço Z,Nordeste,Texto,38212,1491,4489.45,148,5530.28,228,3.9,3.01,30.33,23.18
2024-05-02,Campanha B,Facebook Ads,Adultos,Produto X,Sudeste,Vídeo,13859,660,280.5,23,576.13,11,4.76,0.42,12.2,105.39
2024-05-12,Campanha C,Facebook Ads,Idosos,Serviço Z,Sudeste,Vídeo,14011,456,2311.16,39,3462.85,27,3.25,5.07,59.26,49.83
2024-09-22,Campanha B,Facebook Ads,Jovens,Produto X,Sul,Banner,66043,1289,490.78,6,1646.18,5,1.95,0.38,81.8,235.42
2024-09-11,Campanha C,Social Media Orgânica,Jovens,Produto W,Norte,Vídeo,60795,1129,4981.55,42,13521.06,64,1.86,4.41,118.61,171.42
2024-09-23,Campanha C,Social Media Orgânica,Jovens,Produto W,Centro-Oeste,Texto,13980,54,4284.35,4,9415.82,2,0.39,79.34,1071.09,119.77
2024-04-22,Campanha A,Email Marketing,Empresas,Produto W,Norte,Vídeo,45646,178,1190.29,3,3850.5,3,0.39,6.69,396.76,223.49
2024-10-15,Campanha D,Google Ads,Adultos,Produto X,Sudeste,Texto,36451,3193,4171.93,233,6790.51,373,8.76,1.31,17.91,62.77
2024-07-11,Campanha D,SEO,Empresas,Produto Y,Nordeste,Texto,6369,358,2131.63,5,4631.01,6,5.62,5.95,426.33,117.25
2024-06-29,Campanha A,Facebook Ads,Adultos,Serviço Z,Centro-Oeste,Vídeo,59116,3745,772.77,101,2941.49,48,6.34,0.21,7.65,280.64
2024-04-20,Campanha B,Email Marketing,Famílias,Serviço Z,Sul,Vídeo,39858,1004,4101.93,42,6356.5,10,2.52,4.09,97.67,54.96
2024-12-24,Campanha B,SEO,Adultos,Produto W,Sudeste,Carrossel,71468,4787,1028.3,359,1473.11,393,6.7,0.21,2.86,43.26
2024-03-10,Campanha B,Facebook Ads,Adultos,Produto W,Sul,Banner,71210,4831,514.71,24,1644.6,12,6.78,0.11,21.45,219.52
2024-04-07,Campanha B,Social Media Orgânica,Adultos,Produto Y,Nordeste,Vídeo,93828,2879,566.36,111,796.35,124,3.07,0.2,5.1,40.61
2024-11-14,Campanha C,Facebook Ads,Empresas,Serviço Z,Sul,Carrossel,40086,1529,4056.7,7,14420.6,2,3.81,2.65,579.53,255.48
2024-08-15,Campanha C,Social Media Orgânica,Adultos,Produto W,Nordeste,Vídeo,24617,1591,4535.38,75,14426.14,18,6.46,2.85,60.47,218.08
2024-04-08,Campanha C,Social Media Orgânica,Empresas,Produto X,Sudeste,Texto,57292,2440,4357.12,9,8192.14,0,4.26,1.79,484.12,88.02
2024-12-07,Campanha A,Facebook Ads,Jovens,Produto Y,Norte,Texto,89968,6557,674.05,319,2307.09,154,7.29,0.1,2.11,242.27
2024-09-20,Campanha A,Google Ads,Idosos,Produto W,Norte,Vídeo,32950,2824,611.12,78,1134.24,77,8.57,0.22,7.83,85.6
2024-11-04,Campanha B,Email Marketing,Idosos,Produto W,Sudeste,Texto,41451,1822,1231.27,6,4260.89,8,4.4,0.68,205.21,246.06
2024-12-01,Campanha C,Facebook Ads,Jovens,Produto X,Nordeste,Texto,96651,6914,1650.84,262,2604.87,285,7.15,0.24,6.3,57.79
2024-03-11,Campanha A,Email Marketing,Famílias,Produto X,Sul,Vídeo,10968,311,4903.42,30,11387.92,30,2.84,15.77,163.45,132.24
2024-07-12,Campanha A,SEO,Empresas,Produto X,Sul,Banner,42635,2897,1653.16,155,4146.0,136,6.79,0.57,10.67,150.79
2024-05-16,Campanha C,Social Media Orgânica,Empresas,Produto Y,Norte,Banner,74806,5501,1749.87,448,4832.75,513,7.35,0.32,3.91,176.18
2024-02-16,Campanha A,SEO,Adultos,Serviço Z,Sudeste,Carrossel,14103,666,483.84,38,2245.23,7,4.72,0.73,12.73,364.04
2024-07-09,Campanha A,Facebook Ads,Empresas,Produto X,Nordeste,Banner,55291,5138,3073.77,417,10365.69,612,9.29,0.6,7.37,237.23
2024-02-16,Campanha C,Facebook Ads,Jovens,Serviço Z,Norte,Banner,46168,3406,4801.46,281,7758.96,104,7.38,1.41,17.09,61.6
2024-02-05,Campanha C,Facebook Ads,Jovens,Produto Y,Sul,Texto,93684,611,1143.51,52,2793.65,9,0.65,1.87,21.99,144.3
2024-07-18,Campanha C,Google Ads,Adultos,Produto W,Centro-Oeste,Vídeo,47945,2326,1487.73,25,3464.48,3,4.85,0.64,59.51,132.87
2024-08-10,Campanha A,Google Ads,Idosos,Produto X,Norte,Carrossel,46700,3629,2088.22,201,4928.39,182,7.77,0.58,10.39,136.01
2024-11-28,Campanha C,Email Marketing,Adultos,Serviço Z,Centro-Oeste,Banner,66209,823,3602.77,11,12647.85,20,1.24,4.38,327.52,251.06
2024-07-22,Campanha A,Facebook Ads,Idosos,Produto Y,Nordeste,Carrossel,33203,2000,1962.68,107,2603.09,119,6.02,0.98,18.34,32.63
2024-03-30,Campanha C,Social Media Orgânica,Famílias,Produto X,Nordeste,Vídeo,7718,428,1898.71,9,7104.85,2,5.55,4.44,210.97,274.19
2024-01-18,Campanha C,SEO,Adultos,Serviço Z,Nordeste,Texto,45513,1223,2322.38,97,10718.89,132,2.69,1.9,23.94,361.55
2024-01-09,Campanha A,Email Marketing,Jovens,Produto Y,Sudeste,Banner,18432,267,4373.55,18,7201.91,22,1.45,16.38,242.98,64.67
2024-08-12,Campanha A,Facebook Ads,Famílias,Serviço Z,Sudeste,Carrossel,72576,67,3566.1,5,5689.13,1,0.09,53.23,713.22,59.53
2024-12-25,Campanha C,Social Media Orgânica,Jovens,Produto X,Centro-Oeste,Vídeo,56586,2205,1063.59,33,3727.35,32,3.9,0.48,32.23,250.45
2024-07-07,Campanha A,SEO,Famílias,Produto X,Sudeste,Texto,12496,1042,3782.56,101,11117.58,188,8.34,3.63,37.45,193.92
2024-07-01,Campanha A,Email Marketing,Jovens,Produto X,Sul,Carrossel,73427,5518,1035.84,231,3349.85,76,7.51,0.19,4.48,223.39
2024-05-10,Campanha D,Social Media Orgânica,Empresas,Produto W,Centro-Oeste,Vídeo,37895,3308,2870.41,258,12205.28,65,8.73,0.87,11.13,325.21
2024-01-27,Campanha C,Email Marketing,Empresas,Produto W,Centro-Oeste,Carrossel,40733,3557,4355.79,229,15062.38,106,8.73,1.22,19.02,245.8
2024-11-22,Campanha B,Email Marketing,Adultos,Produto W,Sul,Texto,95054,6726,4671.56,663,19347.64,347,7.08,0.69,7.05,314.16
2024-09-17,Campanha B,Email Marketing,Jovens,Produto Y,Centro-Oeste,Vídeo,83721,94,3036.17,4,6063.11,0,0.11,32.3,759.04,99.7
2024-09-22,Campanha B,Social Media Orgânica,Jovens,Produto W,Nordeste,Texto,70885,6938,1180.78,564,1689.05,599,9.79,0.17,2.09,43.05
2024-12-22,Campanha C,SEO,Famílias,Produto Y,Centro-Oeste,Banner,14527,471,2748.36,43,13626.09,82,3.24,5.84,63.92,395.79
2024-10-26,Campanha D,Email Marketing,Famílias,Serviço Z,Nordeste,Texto,62698,2291,3913.81,213,5146.59,391,3.65,1.71,18.37,31.5
2024-05-17,Campanha A,Facebook Ads,Idosos,Produto W,Sul,Banner,10267,964,4859.29,1,14259.34,0,9.39,5.04,4859.29,193.44
2024-09-05,Campanha C,Google Ads,Jovens,Serviço Z,Sul,Vídeo,80390,550,1269.24,34,5177.42,65,0.68,2.31,37.33,307.91
2024-10-13,Campanha B,Google Ads,Jovens,Produto X,Sul,Banner,23773,1771,4990.08,103,6853.65,25,7.45,2.82,48.45,37.35
2024-11-23,Campanha D,SEO,Jovens,Produto X,Centro-Oeste,Vídeo,86375,5769,1021.7,306,4413.41,154,6.68,0.18,3.34,331.97
2024-10-18,Campanha B,SEO,Idosos,Serviço Z,Nordeste,Vídeo,75094,6427,1668.36,266,2526.56,416,8.56,0.26,6.27,51.44
2024-12-21,Campanha D,Email Marketing,Famílias,Produto W,Centro-Oeste,Banner,31385,1501,259.54,68,747.16,117,4.78,0.17,3.82,187.88
2024-01-07,Campanha D,Google Ads,Famílias,Produto W,Centro-Oeste,Vídeo,75209,5759,438.09,520,1455.26,726,7.66,0.08,0.84,232.18
2024-06-12,Campanha D,Email Marketing,Empresas,Produto Y,Sul,Carrossel,25281,220,3388.4,14,12175.91,11,0.87,15.4,242.03,259.34
2024-02-05,Campanha A,Google Ads,Idosos,Serviço Z,Norte,Vídeo,39504,2061,3567.43,42,10863.66,63,5.22,1.73,84.94,204.52
2024-02-19,Campanha C,Facebook Ads,Jovens,Produto Y,Sul,Banner,46489,2130,4514.17,52,13826.2,53,4.58,2.12,86.81,206.28
2024-06-24,Campanha C,SEO,Famílias,Serviço Z,Norte,Carrossel,33374,2651,730.6,99,979.55,183,7.94,0.28,7.38,34.07
2024-06-11,Campanha C,Google Ads,Idosos,Produto W,Sudeste,Carrossel,48219,256,2185.91,2,9903.89,2,0.53,8.54,1092.95,353.08
2024-01-05,Campanha B,SEO,Empresas,Produto W,Nordeste,Texto,32030,197,4709.29,15,13049.77,15,0.62,23.91,313.95,177.11
2024-12-18,Campanha C,SEO,Jovens,Produto W,Nordeste,Carrossel,14752,814,832.36,7,2355.18,11,5.52,1.02,118.91,182.95
2024-02-24,Campanha A,Google Ads,Adultos,Produto W,Norte,Banner,11968,323,451.65,16,1579.41,1,2.7,1.4,28.23,249.7
2024-11-02,Campanha B,Google Ads,Jovens,Produto Y,Sudeste,Vídeo,89759,90,4916.23,5,19936.02,7,0.1,54.62,983.25,305.51
2024-10-04,Campanha B,Social Media Orgânica,Idosos,Produto Y,Sul,Carrossel,39943,3113,695.96,91,1845.46,108,7.79,0.22,7.65,165.17
2024-12-30,Campanha D,Email Marketing,Jovens,Produto X,Sudeste,Carrossel,31510,673,4300.54,49,16506.54,46,2.14,6.39,87.77,283.82
2024-01-20,Campanha D,SEO,Idosos,Serviço Z,Nordeste,Carrossel,45436,324,3777.64,2,5527.26,0,0.71,11.66,1888.82,46.32
2024-01-29,Campanha A,Email Marketing,Jovens,Serviço Z,Centro-Oeste,Carrossel,67605,1740,2724.16,22,7492.21,9,2.57,1.57,123.83,175.03
2024-06-20,Campanha C,Google Ads,Famílias,Produto X,Nordeste,Banner,97810,3497,3048.91,289,12808.27,102,3.58,0.87,10.55,320.09
2024-06-04,Campanha C,Social Media Orgânica,Jovens,Serviço Z,Sul,Carrossel,19258,809,2898.68,11,10654.96,8,4.2,3.58,263.52,267.58
2024-09-07,Campanha C,Google Ads,Empresas,Serviço Z,Nordeste,Vídeo,7419,146,3196.38,3,13977.01,3,1.97,21.89,1065.46,337.28
2024-11-08,Campanha A,Social Media Orgânica,Famílias,Produto X,Nordeste,Banner,2652,102,700.72,3,2936.33,0,3.85,6.87,233.57,319.04
2024-10-26,Campanha D,SEO,Empresas,Produto X,Sul,Vídeo,51730,2553,1709.56,101,7101.56,62,4.94,0.67,16.93,315.4
2024-08-31,Campanha B,Google Ads,Adultos,Produto X,Sudeste,Banner,17591,964,126.84,3,528.58,5,5.48,0.13,42.28,316.73
2024-11-12,Campanha C,Google Ads,Jovens,Produto Y,Norte,Banner,1663,119,4877.37,1,23536.39,1,7.16,40.99,4877.37,382.56
2024-03-26,Campanha C,Email Marketing,Empresas,Serviço Z,Sul,Texto,40988,1078,1739.11,26,7801.46,19,2.63,1.61,66.89,348.59
2024-04-23,Campanha C,Google Ads,Jovens,Produto W,Sudeste,Vídeo,82691,4179,4876.83,108,13967.98,147,5.05,1.17,45.16,186.42
2024-02-23,Campanha B,Facebook Ads,Famílias,Produto Y,Sul,Texto,29787,2399,676.7,102,2316.25,75,8.05,0.28,6.63,242.29
2024-05-29,Campanha C,Social Media Orgânica,Famílias,Serviço Z,Nordeste,Banner,74759,2888,1611.4,16,5901.56,21,3.86,0.56,100.71,266.24
2024-11-22,Campanha A,Social Media Orgânica,Famílias,Produto Y,Centro-Oeste,Texto,18212,172,4736.9,4,9711.86,4,0.94,27.54,1184.22,105.03
2024-08-03,Campanha A,Email Marketing,Adultos,Produto W,Norte,Texto,46684,1286,3172.14,51,8966.83,37,2.75,2.47,62.2,182.67
2024-02-21,Campanha C,Facebook Ads,Empresas,Produto W,Norte,Vídeo,17930,62,169.03,3,618.52,4,0.35,2.73,56.34,265.92
2024-05-30,Campanha C,SEO,Idosos,Produto Y,Sudeste,Vídeo,86986,3686,1181.82,122,3531.9,14,4.24,0.32,9.69,198.85
2024-10-17,Campanha A,SEO,Famílias,Produto Y,Centro-Oeste,Vídeo,11527,628,4383.98,34,12284.86,13,5.45,6.98,128.94,180.22
2024-10-26,Campanha C,Email Marketing,Empresas,Produto Y,Norte,Vídeo,18460,115,2862.19,9,9967.47,9,0.62,24.89,318.02,248.25
2024-11-05,Campanha A,Email Marketing,Adultos,Serviço Z,Centro-Oeste,Carrossel,86827,5341,1684.79,436,3704.29,350,6.15,0.32,3.86,119.87
2024-07-21,Campanha A,Facebook Ads,Jovens,Produto W,Centro-Oeste,Texto,45880,3590,3811.02,276,16948.6,222,7.82,1.06,13.81,344.73
2024-03-08,Campanha A,Facebook Ads,Jovens,Produto X,Norte,Carrossel,37638,3575,3561.19,14,13881.09,20,9.5,1.0,254.37,289.79
2024-03-01,Campanha C,Email Marketing,Empresas,Produto W,Norte,Texto,65517,2069,4730.93,12,19187.73,7,3.16,2.29,394.24,305.58
2024-10-21,Campanha C,Social Media Orgânica,Idosos,Produto W,Sudeste,Vídeo,97382,3809,4045.58,89,15253.72,130,3.91,1.06,45.46,277.05
2024-06-16,Campanha A,Google Ads,Adultos,Produto Y,Sul,Carrossel,78239,1867,2344.34,144,4256.72,236,2.39,1.26,16.28,81.57
2024-10-08,Campanha A,Email Marketing,Adultos,Produto Y,Sudeste,Vídeo,55173,1543,3348.87,57,16325.06,51,2.8,2.17,58.75,387.48
2024-10-25,Campanha D,Email Marketing,Jovens,Produto Y,Centro-Oeste,Carrossel,49456,2195,1497.81,185,5133.73,283,4.44,0.68,8.1,242.75
2024-10-03,Campanha D,Facebook Ads,Adultos,Produto W,Sudeste,Texto,69124,1495,2956.39,26,8472.36,25,2.16,1.98,113.71,186.58
2024-05-17,Campanha C,SEO,Famílias,Produto W,Centro-Oeste,Carrossel,99718,2356,3374.88,118,12458.48,95,2.36,1.43,28.6,269.15
2024-01-05,Campanha D,Google Ads,Jovens,Produto Y,Sul,Banner,65793,1921,548.3,63,2543.24,45,2.92,0.29,8.7,363.84
2024-12-22,Campanha A,Social Media Orgânica,Jovens,Produto Y,Norte,Banner,44504,533,3576.51,12,14201.37,15,1.2,6.71,298.04,297.07
2024-01-17,Campanha D,Google Ads,Famílias,Produto X,Centro-Oeste,Banner,22886,1696,3324.68,37,12258.57,67,7.41,1.96,89.86,268.71
2024-07-16,Campanha B,Email Marketing,Adultos,Produto W,Norte,Texto,90588,2859,1628.78,254,6187.69,111,3.16,0.57,6.41,279.9
2024-04-17,Campanha A,SEO,Adultos,Produto X,Norte,Vídeo,45979,3736,3367.73,57,6875.63,37,8.13,0.9,59.08,104.16
2024-09-21,Campanha C,SEO,Adultos,Produto X,Nordeste,Banner,30482,1695,3131.95,133,15034.37,221,5.56,1.85,23.55,380.03
2024-05-23,Campanha C,Email Marketing,Idosos,Produto X,Norte,Banner,60241,3268,328.12,313,1367.77,478,5.42,0.1,1.05,316.85
2024-10-06,Campanha A,Social Media Orgânica,Adultos,Produto W,Norte,Banner,48545,2463,1620.8,235,6826.26,245,5.07,0.66,6.9,321.17
2024-02-10,Campanha B,Google Ads,Adultos,Produto W,Centro-Oeste,Carrossel,62376,3201,3864.51,273,13584.1,284,5.13,1.21,14.16,251.51
2024-08-07,Campanha C,Social Media Orgânica,Famílias,Produto Y,Sudeste,Carrossel,15536,101,3390.87,8,5351.62,11,0.65,33.57,423.86,57.82
2024-04-02,Campanha C,Google Ads,Famílias,Serviço Z,Centro-Oeste,Texto,17413,1068,3323.08,87,15303.51,47,6.13,3.11,38.2,360.52
2024-04-19,Campanha A,Email Marketing,Adultos,Serviço Z,Sul,Banner,85224,3621,2605.53,16,5045.82,1,4.25,0.72,162.85,93.66
2024-03-06,Campanha B,SEO,Famílias,Produto X,Nordeste,Texto,13398,129,3136.97,8,5413.44,10,0.96,24.32,392.12,72.57
2024-08-26,Campanha D,Email Marketing,Empresas,Serviço Z,Sudeste,Carrossel,84230,2490,1875.14,236,4398.4,152,2.96,0.75,7.95,134.56
2024-12-12,Campanha C,SEO,Idosos,Serviço Z,Nordeste,Banner,89776,1304,3374.59,1,4345.05,1,1.45,2.59,3374.59,28.76
2024-08-07,Campanha A,Facebook Ads,Famílias,Produto X,Nordeste,Banner,30357,1719,585.3,146,2710.84,173,5.66,0.34,4.01,363.15
2024-08-05,Campanha D,Google Ads,Adultos,Produto W,Norte,Texto,96423,968,725.99,38,1075.2,42,1.0,0.75,19.11,48.1
2024-04-27,Campanha A,Google Ads,Adultos,Produto Y,Sudeste,Vídeo,82733,243,1496.43,1,5938.61,0,0.29,6.16,1496.43,296.85
2024-03-26,Campanha A,Facebook Ads,Adultos,Serviço Z,Norte,Banner,97051,1534,4032.42,31,11553.17,29,1.58,2.63,130.08,186.51
2024-12-18,Campanha C,Google Ads,Famílias,Serviço Z,Sudeste,Carrossel,53839,4722,1363.49,132,5370.73,35,8.77,0.29,10.33,293.9
2024-01-13,Campanha A,Email Marketing,Idosos,Produto W,Nordeste,Banner,37272,2612,849.61,8,3957.72,8,7.01,0.33,106.2,365.83
2024-02-11,Campanha A,Google Ads,Famílias,Produto Y,Centro-Oeste,Texto,73744,7018,1020.77,436,2636.76,644,9.52,0.15,2.34,158.31
2024-06-26,Campanha D,Facebook Ads,Idosos,Produto Y,Sul,Texto,54260,4915,250.98,189,396.95,23,9.06,0.05,1.33,58.16
2024-11-23,Campanha A,SEO,Empresas,Serviço Z,Sudeste,Vídeo,8506,141,4107.36,3,7401.58,0,1.66,29.13,1369.12,80.2
2024-03-17,Campanha D,Facebook Ads,Famílias,Produto X,Centro-Oeste,Banner,49593,1777,3933.57,118,15973.69,33,3.58,2.21,33.34,306.09
2024-02-27,Campanha D,Google Ads,Jovens,Produto W,Nordeste,Carrossel,8884,762,2901.37,52,11498.79,58,8.58,3.81,55.8,296.32
2024-12-25,Campanha C,Facebook Ads,Empresas,Produto Y,Norte,Vídeo,29018,2319,376.75,175,776.06,213,7.99,0.16,2.15,105.99
2024-01-02,Campanha B,Social Media Orgânica,Idosos,Produto Y,Sudeste,Banner,13209,554,1902.11,9,4714.35,15,4.19,3.43,211.35,147.85
2024-08-05,Campanha D,Social Media Orgânica,Adultos,Produto Y,Sul,Carrossel,36375,1827,1365.32,142,6078.62,96,5.02,0.75,9.61,345.22
2024-02-17,Campanha C,SEO,Empresas,Produto W,Norte,Vídeo,79919,7003,1243.42,566,2402.39,657,8.76,0.18,2.2,93.21
2024-05-24,Campanha A,Social Media Orgânica,Famílias,Produto Y,Sul,Texto,60232,2073,4313.84,112,18911.98,13,3.44,2.08,38.52,338.4
2024-10-22,Campanha B,Google Ads,Jovens,Produto Y,Centro-Oeste,Vídeo,36281,2986,2883.18,17,4064.91,23,8.23,0.97,169.6,40.99
2024-02-29,Campanha A,Facebook Ads,Idosos,Produto W,Norte,Carrossel,25143,2200,2673.62,194,8430.57,136,8.75,1.22,13.78,215.32
2024-08-15,Campanha B,Facebook Ads,Famílias,Produto W,Sudeste,Vídeo,69970,477,1964.0,38,8613.51,57,0.68,4.12,51.68,338.57
2024-11-23,Campanha A,Google Ads,Famílias,Produto W,Centro-Oeste,Banner,28792,2700,2174.6,234,10822.74,23,9.38,0.81,9.29,397.69
2024-10-05,Campanha D,Email Marketing,Adultos,Produto X,Sul,Carrossel,5605,522,1643.03,12,4153.42,1,9.31,3.15,136.92,152.79
2024-10-25,Campanha B,Email Marketing,Jovens,Produto Y,Sudeste,Banner,8437,318,4880.47,3,11725.53,3,3.77,15.35,1626.82,140.25
2024-01-17,Campanha A,Facebook Ads,Jovens,Produto X,Sudeste,Carrossel,18856,1846,2250.26,9,7995.44,7,9.79,1.22,250.03,255.31
2024-03-29,Campanha D,Email Marketing,Famílias,Produto X,Norte,Texto,8953,135,1477.11,10,2521.37,3,1.51,10.94,147.71,70.7
2024-04-23,Campanha A,SEO,Jovens,Produto X,Sudeste,Texto,1897,168,1745.04,6,8473.79,11,8.86,10.39,290.84,385.59
2024-01-05,Campanha C,Google Ads,Famílias,Produto Y,Nordeste,Texto,78097,6059,4503.22,252,8692.78,386,7.76,0.74,17.87,93.03
2024-01-26,Campanha A,Google Ads,Adultos,Produto X,Norte,Carrossel,45128,3756,4641.66,82,11453.38,0,8.32,1.24,56.61,146.75
2024-04-01,Campanha A,Social Media Orgânica,Idosos,Produto X,Norte,Carrossel,84564,7040,2245.85,567,4736.79,984,8.33,0.32,3.96,110.91
2024-11-15,Campanha C,SEO,Jovens,Produto Y,Sul,Carrossel,52403,634,1323.73,55,2174.88,86,1.21,2.09,24.07,64.3
2024-10-03,Campanha D,Google Ads,Idosos,Serviço Z,Sudeste,Banner,79866,1734,3788.92,112,11027.86,36,2.17,2.19,33.83,191.06
2024-08-02,Campanha B,Social Media Orgânica,Idosos,Serviço Z,Norte,Vídeo,37979,1218,4626.56,78,14298.96,98,3.21,3.8,59.31,209.06
2024-10-30,Campanha C,Facebook Ads,Jovens,Produto X,Centro-Oeste,Vídeo,57800,2046,3084.52,8,6969.02,3,3.54,1.51,385.56,125.94
2024-09-06,Campanha A,Social Media Orgânica,Adultos,Produto X,Norte,Carrossel,10506,509,3886.65,5,16329.21,1,4.84,7.64,777.33,320.14
2024-09-25,Campanha D,Google Ads,Famílias,Produto W,Nordeste,Vídeo,7815,759,1901.57,63,8717.75,28,9.71,2.51,30.18,358.45
2024-08-29,Campanha A,Email Marketing,Jovens,Serviço Z,Norte,Vídeo,62520,5654,389.19,439,613.43,218,9.04,0.07,0.89,57.62
2024-10-18,Campanha B,Email Marketing,Idosos,Produto X,Sul,Vídeo,87900,1497,2631.47,80,6917.33,48,1.7,1.76,32.89,162.87
2024-11-26,Campanha D,Email Marketing,Jovens,Serviço Z,Norte,Banner,33145,2636,1752.47,203,5114.95,47,7.95,0.66,8.63,191.87
2024-08-18,Campanha B,Facebook Ads,Adultos,Produto Y,Sul,Texto,96396,947,3380.64,38,13629.91,50,0.98,3.57,88.96,303.18
2024-10-02,Campanha B,Social Media Orgânica,Famílias,Produto X,Centro-Oeste,Texto,24464,270,3626.88,1,15184.73,1,1.1,13.43,3626.88,318.67
2024-09-02,Campanha D,Email Marketing,Adultos,Produto W,Sul,Vídeo,15969,85,1548.42,6,4659.17,0,0.53,18.22,258.07,200.9
2024-02-07,Campanha B,Social Media Orgânica,Empresas,Produto Y,Centro-Oeste,Banner,79296,1385,1485.52,49,4799.78,68,1.75,1.07,30.32,223.1
2024-01-27,Campanha B,Email Marketing,Jovens,Produto X,Sudeste,Banner,86928,5690,3061.9,346,10454.47,509,6.55,0.54,8.85,241.44
2024-11-12,Campanha C,SEO,Adultos,Produto Y,Sudeste,Banner,17222,579,293.92,48,532.11,14,3.36,0.51,6.12,81.04
2024-09-06,Campanha A,SEO,Jovens,Serviço Z,Nordeste,Carrossel,24355,429,3732.4,15,8659.67,6,1.76,8.7,248.83,132.01
2024-12-09,Campanha D,SEO,Jovens,Serviço Z,Sudeste,Vídeo,86633,1620,2492.45,69,11426.36,49,1.87,1.54,36.12,358.44
2024-10-29,Campanha A,SEO,Adultos,Produto X,Sul,Carrossel,60457,363,4540.47,34,10980.96,34,0.6,12.51,133.54,141.85
2024-07-14,Campanha A,Google Ads,Adultos,Produto Y,Norte,Banner,72865,5194,4527.55,277,15087.58,336,7.13,0.87,16.34,233.24
2024-02-23,Campanha A,Facebook Ads,Adultos,Produto X,Sudeste,Carrossel,22013,1663,4960.47,112,14385.37,37,7.55,2.98,44.29,190.0
2024-05-21,Campanha D,Social Media Orgânica,Empresas,Produto W,Nordeste,Vídeo,16661,533,4651.07,47,22477.19,57,3.2,8.73,98.96,383.27
2024-11-27,Campanha A,Social Media Orgânica,Idosos,Produto Y,Norte,Carrossel,84039,5360,588.58,102,1979.57,0,6.38,0.11,5.77,236.33
2024-12-03,Campanha A,SEO,Adultos,Produto X,Sul,Banner,56561,833,3164.11,8,4942.81,0,1.47,3.8,395.51,56.21
2024-03-31,Campanha C,Facebook Ads,Empresas,Serviço Z,Nordeste,Vídeo,91938,3167,936.21,78,3663.91,114,3.44,0.3,12.0,291.36
2024-02-01,Campanha B,Social Media Orgânica,Idosos,Produto Y,Nordeste,Texto,75856,4075,347.1,220,1642.73,159,5.37,0.09,1.58,373.27
2024-06-18,Campanha C,Email Marketing,Famílias,Serviço Z,Norte,Carrossel,79349,6969,4866.11,487,11745.45,7,8.78,0.7,9.99,141.37
2024-01-16,Campanha D,Email Marketing,Empresas,Produto Y,Nordeste,Texto,69251,508,734.32,48,1602.5,31,0.73,1.45,15.3,118.23
2024-03-02,Campanha D,Email Marketing,Empresas,Produto W,Sudeste,Texto,90134,6063,3194.49,575,14718.54,302,6.73,0.53,5.56,360.75
2024-12-15,Campanha A,Social Media Orgânica,Empresas,Produto X,Sudeste,Texto,77811,4088,2035.01,268,8849.33,318,5.25,0.5,7.59,334.85
2024-11-18,Campanha D,SEO,Adultos,Serviço Z,Centro-Oeste,Carrossel,15915,671,1783.21,11,5178.35,4,4.22,2.66,162.11,190.39
2024-03-15,Campanha C,Email Marketing,Idosos,Produto Y,Nordeste,Vídeo,13648,885,1508.94,76,5908.07,106,6.48,1.71,19.85,291.54
2024-04-15,Campanha C,Google Ads,Idosos,Produto Y,Norte,Texto,12098,600,2624.24,21,12692.19,27,4.96,4.37,124.96,383.65
2024-01-24,Campanha B,Email Marketing,Idosos,Produto X,Norte,Vídeo,6209,388,2274.75,10,6273.07,0,6.25,5.86,227.47,175.77
2024-07-27,Campanha D,SEO,Famílias,Serviço Z,Norte,Vídeo,89323,2394,505.98,23,2322.89,38,2.68,0.21,22.0,359.09
2024-02-15,Campanha B,SEO,Idosos,Produto X,Nordeste,Texto,10002,249,1396.59,23,3811.51,3,2.49,5.61,60.72,172.92
2024-01-12,Campanha C,Facebook Ads,Idosos,Produto X,Nordeste,Vídeo,57977,2645,3505.13,102,13829.41,102,4.56,1.33,34.36,294.55
2024-04-18,Campanha C,Google Ads,Jovens,Serviço Z,Sudeste,Carrossel,7219,462,1259.24,15,5873.12,1,6.4,2.73,83.95,366.4
2024-10-05,Campanha D,SEO,Adultos,Serviço Z,Sudeste,Banner,48833,128,4417.53,10,16781.96,2,0.26,34.51,441.75,279.89
2024-04-24,Campanha C,Facebook Ads,Adultos,Produto Y,Nordeste,Vídeo,89720,7124,4701.57,533,13062.14,982,7.94,0.66,8.82,177.83
2024-07-10,Campanha D,Social Media Orgânica,Famílias,Produto Y,Sul,Vídeo,24434,2431,4224.91,70,11560.07,91,9.95,1.74,60.36,173.62
2024-08-26,Campanha C,Google Ads,Adultos,Produto W,Sul,Banner,50722,4001,2961.91,267,7312.41,171,7.89,0.74,11.09,146.88
2024-03-16,Campanha D,Facebook Ads,Famílias,Serviço Z,Norte,Texto,68710,3722,4960.59,49,7420.83,23,5.42,1.33,101.24,49.6
2024-09-14,Campanha B,SEO,Idosos,Produto W,Nordeste,Vídeo,7351,270,4016.79,13,12275.22,13,3.67,14.88,308.98,205.6
2024-01-16,Campanha A,Email Marketing,Jovens,Produto X,Norte,Carrossel,92373,607,2317.44,39,7249.97,47,0.66,3.82,59.42,212.84
2024-07-30,Campanha A,Google Ads,Jovens,Produto X,Centro-Oeste,Texto,38913,2693,3681.54,184,17487.63,234,6.92,1.37,20.01,375.01
2024-09-08,Campanha B,Google Ads,Empresas,Produto X,Centro-Oeste,Banner,76652,6323,3852.74,1,12337.18,0,8.25,0.61,3852.74,220.22
2024-04-26,Campanha D,Facebook Ads,Adultos,Produto X,Sudeste,Texto,46796,278,2269.36,26,4981.46,22,0.59,8.16,87.28,119.51
2024-12-22,Campanha C,Google Ads,Jovens,Produto Y,Centro-Oeste,Banner,89523,7816,2486.65,374,5366.4,403,8.73,0.32,6.65,115.81
2024-07-28,Campanha C,Social Media Orgânica,Jovens,Serviço Z,Nordeste,Texto,40977,2727,1915.91,254,8967.27,173,6.65,0.7,7.54,368.04
2024-11-12,Campanha C,Email Marketing,Idosos,Produto W,Nordeste,Banner,4708,279,2664.99,6,5330.05,6,5.93,9.55,444.16,100.0
2024-09-03,Campanha C,Facebook Ads,Famílias,Produto W,Sudeste,Carrossel,59855,4831,969.43,343,3333.62,125,8.07,0.2,2.83,243.87
2024-01-04,Campanha A,Email Marketing,Famílias,Produto W,Centro-Oeste,Vídeo,10477,212,4910.83,12,20544.8,15,2.02,23.16,409.24,318.36
2024-01-10,Campanha D,Google Ads,Adultos,Serviço Z,Nordeste,Carrossel,40439,2695,1369.43,41,3706.51,60,6.66,0.51,33.4,170.66
2024-06-24,Campanha A,Google Ads,Empresas,Produto Y,Norte,Banner,49712,2680,4004.69,77,11487.59,131,5.39,1.49,52.01,186.85
2024-01-25,Campanha C,Email Marketing,Adultos,Produto W,Sul,Vídeo,91069,7382,2284.12,335,8833.69,13,8.11,0.31,6.82,286.74
2024-07-12,Campanha A,Social Media Orgânica,Empresas,Produto X,Norte,Carrossel,30214,1957,1985.19,9,4786.19,17,6.48,1.01,220.58,141.09
2024-10-13,Campanha A,Email Marketing,Famílias,Produto X,Centro-Oeste,Vídeo,23703,88,2838.96,3,10041.03,4,0.37,32.26,946.32,253.69
2024-09-23,Campanha A,SEO,Idosos,Produto X,Norte,Texto,37755,1651,3098.63,22,5569.6,13,4.37,1.88,140.85,79.74
2024-01-09,Campanha A,SEO,Idosos,Produto Y,Nordeste,Texto,81257,399,2432.93,12,10557.46,1,0.49,6.1,202.74,333.94
2024-06-13,Campanha A,SEO,Famílias,Serviço Z,Norte,Banner,92053,3957,2416.37,329,5345.43,463,4.3,0.61,7.34,121.22
2024-02-07,Campanha B,Google Ads,Idosos,Produto Y,Sul,Texto,23866,378,1402.1,7,4200.63,1,1.58,3.71,200.3,199.6
2024-11-11,Campanha C,Google Ads,Jovens,Produto Y,Nordeste,Vídeo,87595,8428,965.67,636,4155.69,358,9.62,0.11,1.52,330.34
2024-05-04,Campanha C,Google Ads,Empresas,Produto W,Sudeste,Carrossel,32377,2798,4395.61,65,17353.83,112,8.64,1.57,67.62,294.8
2024-02-09,Campanha B,Google Ads,Jovens,Produto Y,Norte,Texto,4898,123,1937.24,8,4558.23,0,2.51,15.75,242.16,135.3
2024-04-12,Campanha B,Email Marketing,Jovens,Serviço Z,Centro-Oeste,Carrossel,23541,419,2891.92,40,7796.61,74,1.78,6.9,72.3,169.6
2024-05-29,Campanha B,SEO,Famílias,Produto W,Centro-Oeste,Texto,58902,3825,1926.54,297,5811.54,82,6.49,0.5,6.49,201.66
2024-04-04,Campanha B,Email Marketing,Adultos,Produto X,Sudeste,Vídeo,16538,729,2562.53,64,10660.07,8,4.41,3.52,40.04,316.0
2024-08-11,Campanha C,Email Marketing,Idosos,Produto W,Sudeste,Texto,95726,7464,4933.15,480,8393.16,740,7.8,0.66,10.28,70.14
2024-03-09,Campanha C,SEO,Empresas,Produto W,Centro-Oeste,Texto,27613,1592,2649.48,86,8359.03,100,5.77,1.66,30.81,215.5
2024-12-03,Campanha C,Facebook Ads,Jovens,Produto Y,Sudeste,Banner,92950,2853,271.69,146,489.58,143,3.07,0.1,1.86,80.2
2024-03-14,Campanha A,SEO,Empresas,Produto Y,Sudeste,Carrossel,17053,866,3035.31,21,14761.45,21,5.08,3.5,144.54,386.32
2024-01-18,Campanha D,SEO,Jovens,Produto W,Nordeste,Vídeo,54537,3071,3375.14,216,4598.14,169,5.63,1.1,15.63,36.24
2024-05-20,Campanha C,Facebook Ads,Idosos,Produto Y,Nordeste,Texto,6864,268,3374.51,25,7077.48,12,3.9,12.59,134.98,109.73
2024-06-18,Campanha C,Google Ads,Empresas,Produto X,Nordeste,Texto,68523,4850,4689.66,62,8820.14,19,7.08,0.97,75.64,88.08
2024-09-21,Campanha C,SEO,Jovens,Produto W,Sudeste,Banner,67832,5380,437.85,133,2023.41,127,7.93,0.08,3.29,362.12
2024-01-15,Campanha B,Google Ads,Idosos,Produto W,Norte,Carrossel,2362,65,3878.13,5,16633.88,7,2.75,59.66,775.63,328.91
2024-05-24,Campanha A,SEO,Empresas,Produto X,Sul,Texto,73600,2107,2085.6,88,7404.87,96,2.86,0.99,23.7,255.05
2024-09-26,Campanha B,Social Media Orgânica,Famílias,Produto X,Nordeste,Texto,48039,2831,4810.39,227,20348.77,139,5.89,1.7,21.19,323.02
2024-12-28,Campanha B,Email Marketing,Adultos,Serviço Z,Sul,Texto,98480,4833,4379.03,346,21769.85,452,4.91,0.91,12.66,397.14
2024-10-16,Campanha D,Social Media Orgânica,Empresas,Serviço Z,Centro-Oeste,Texto,22965,1749,4418.21,43,11707.2,1,7.62,2.53,102.75,164.98
2024-11-11,Campanha D,Social Media Orgânica,Adultos,Serviço Z,Nordeste,Carrossel,52721,1646,4442.84,74,19256.0,26,3.12,2.7,60.04,333.42
2024-04-04,Campanha D,Social Media Orgânica,Jovens,Produto Y,Sul,Banner,11355,70,2424.45,4,4584.86,1,0.62,34.63,606.11,89.11
2024-10-17,Campanha A,Google Ads,Empresas,Produto X,Nordeste,Texto,10626,822,352.11,35,1683.05,31,7.74,0.43,10.06,377.99
2024-04-30,Campanha B,SEO,Idosos,Serviço Z,Sul,Vídeo,53652,3669,4407.7,189,19553.68,74,6.84,1.2,23.32,343.63
2024-11-28,Campanha C,Facebook Ads,Jovens,Produto W,Norte,Banner,81360,3553,863.76,139,1464.34,216,4.37,0.24,6.21,69.53
2024-11-13,Campanha D,SEO,Famílias,Produto X,Centro-Oeste,Carrossel,4002,307,1819.07,21,2712.55,23,7.67,5.93,86.62,49.12
2024-01-04,Campanha A,SEO,Idosos,Produto X,Centro-Oeste,Texto,9264,296,1453.94,21,2192.81,12,3.2,4.91,69.24,50.82
2024-10-25,Campanha C,Email Marketing,Adultos,Produto Y,Norte,Texto,93718,8507,2147.85,272,4020.69,414,9.08,0.25,7.9,87.2
2024-12-12,Campanha A,Social Media Orgânica,Idosos,Produto X,Sul,Carrossel,99276,9825,3852.75,186,14400.28,116,9.9,0.39,20.71,273.77
2024-05-17,Campanha C,Google Ads,Idosos,Produto X,Norte,Banner,33535,3322,656.31,85,2937.97,90,9.91,0.2,7.72,347.65
2024-04-02,Campanha C,Google Ads,Adultos,Produto X,Nordeste,Banner,79361,7779,2920.85,263,9257.89,303,9.8,0.38,11.11,216.96
2024-06-29,Campanha C,Email Marketing,Adultos,Produto X,Norte,Vídeo,44079,2958,4465.52,197,5392.6,294,6.71,1.51,22.67,20.76
2024-12-25,Campanha B,Email Marketing,Empresas,Produto X,Sul,Carrossel,40000,2884,4066.88,66,12750.16,126,7.21,1.41,61.62,213.51
2024-06-12,Campanha D,Google Ads,Idosos,Produto Y,Centro-Oeste,Banner,96304,4066,4264.14,180,5428.31,345,4.22,1.05,23.69,27.3
2024-07-28,Campanha B,SEO,Adultos,Produto W,Norte,Vídeo,49358,3778,865.65,111,4301.02,143,7.65,0.23,7.8,396.85
2024-02-19,Campanha C,Facebook Ads,Adultos,Serviço Z,Sudeste,Banner,71487,5016,3670.9,417,8221.16,546,7.02,0.73,8.8,123.95
2024-08-13,Campanha D,Facebook Ads,Jovens,Produto Y,Centro-Oeste,Banner,56883,1501,2569.69,136,11761.15,4,2.64,1.71,18.89,357.69
2024-06-21,Campanha D,Facebook Ads,Jovens,Serviço Z,Sudeste,Vídeo,5516,73,4249.7,4,5257.24,3,1.32,58.22,1062.42,23.71
2024-10-28,Campanha C,Facebook Ads,Empresas,Produto Y,Sudeste,Carrossel,32276,1335,2194.66,13,6997.64,12,4.14,1.64,168.82,218.85
2024-12-25,Campanha A,Email Marketing,Jovens,Produto Y,Sudeste,Texto,84065,3735,4908.68,158,9538.44,168,4.44,1.31,31.07,94.32
2024-10-17,Campanha B,Social Media Orgânica,Idosos,Produto Y,Sul,Vídeo,24463,1196,1682.68,48,4980.98,4,4.89,1.41,35.06,196.01
2024-09-03,Campanha C,Google Ads,Famílias,Produto W,Sudeste,Texto,13401,69,345.56,4,1148.9,5,0.51,5.01,86.39,232.47
2024-03-31,Campanha A,Email Marketing,Adultos,Produto W,Nordeste,Carrossel,22862,1707,4387.02,25,13248.77,17,7.47,2.57,175.48,202.0
2024-07-13,Campanha B,Google Ads,Jovens,Produto W,Sudeste,Texto,93960,797,573.31,66,1212.22,13,0.85,0.72,8.69,111.44
2024-07-06,Campanha D,Social Media Orgânica,Famílias,Serviço Z,Norte,Carrossel,81192,4419,1533.2,14,5893.79,5,5.44,0.35,109.51,284.41
2024-07-21,Campanha C,Facebook Ads,Famílias,Produto X,Sudeste,Carrossel,37749,720,3047.45,33,8144.2,55,1.91,4.23,92.35,167.25
2024-12-26,Campanha C,Facebook Ads,Jovens,Produto X,Sudeste,Vídeo,46520,2044,3079.66,135,12186.36,91,4.39,1.51,22.81,295.7
2024-06-17,Campanha D,SEO,Famílias,Produto W,Sul,Vídeo,99873,1789,3805.92,152,17707.35,60,1.79,2.13,25.04,365.26
2024-08-03,Campanha A,Email Marketing,Famílias,Produto Y,Sul,Vídeo,86056,880,1793.21,20,5723.62,2,1.02,2.04,89.66,219.18
2024-11-10,Campanha C,Google Ads,Famílias,Produto W,Nordeste,Banner,7807,186,4581.73,4,13698.86,5,2.38,24.63,1145.43,198.99
2024-08-01,Campanha D,Social Media Orgânica,Empresas,Produto W,Sul,Banner,31206,2839,1741.95,250,4013.61,487,9.1,0.61,6.97,130.41
2024-09-08,Campanha C,Social Media Orgânica,Jovens,Produto X,Nordeste,Vídeo,33653,562,3554.14,4,16645.11,5,1.67,6.32,888.53,368.33
2024-04-14,Campanha D,Google Ads,Idosos,Produto Y,Norte,Carrossel,65528,6247,728.42,215,1852.54,75,9.53,0.12,3.39,154.32
2024-10-03,Campanha D,Social Media Orgânica,Idosos,Serviço Z,Norte,Vídeo,27116,1219,1392.12,42,3176.51,62,4.5,1.14,33.15,128.18
2024-10-23,Campanha A,Social Media Orgânica,Idosos,Serviço Z,Nordeste,Texto,93999,2347,1107.82,184,3910.94,302,2.5,0.47,6.02,253.03
2024-06-29,Campanha B,Facebook Ads,Empresas,Serviço Z,Centro-Oeste,Vídeo,16770,489,4438.15,26,9557.75,18,2.92,9.08,170.7,115.35
2024-03-20,Campanha C,Google Ads,Famílias,Produto W,Sudeste,Carrossel,18320,212,1205.71,20,1811.4,16,1.16,5.69,60.29,50.24
2024-12-18,Campanha B,Social Media Orgânica,Jovens,Produto X,Nordeste,Banner,93940,7177,2732.22,15,5734.89,19,7.64,0.38,182.15,109.9
2024-10-14,Campanha C,Email Marketing,Adultos,Produto X,Centro-Oeste,Carrossel,14581,157,124.98,10,376.36,9,1.08,0.8,12.5,201.14
2024-07-15,Campanha B,Google Ads,Adultos,Produto W,Nordeste,Carrossel,61723,4046,2858.23,321,10340.85,120,6.56,0.71,8.9,261.79
2024-09-26,Campanha D,Email Marketing,Famílias,Produto X,Sul,Banner,86118,7955,4549.73,404,11954.67,347,9.24,0.57,11.26,162.76
2024-07-16,Campanha D,Email Marketing,Famílias,Produto W,Sudeste,Texto,33842,1069,989.1,53,1459.95,27,3.16,0.93,18.66,47.6
2024-05-16,Campanha D,Facebook Ads,Empresas,Serviço Z,Centro-Oeste,Vídeo,52238,2682,980.94,44,1280.83,10,5.13,0.37,22.29,30.57
2024-03-01,Campanha B,Email Marketing,Empresas,Serviço Z,Nordeste,Banner,21968,1965,3883.79,120,18487.02,209,8.94,1.98,32.36,376.0
2024-05-19,Campanha C,SEO,Idosos,Produto Y,Centro-Oeste,Carrossel,57078,3025,3912.95,204,10789.99,222,5.3,1.29,19.18,175.75
2024-12-13,Campanha C,Google Ads,Famílias,Produto X,Sul,Vídeo,27052,1119,2026.65,20,7973.77,1,4.14,1.81,101.33,293.45
2024-03-13,Campanha B,Facebook Ads,Empresas,Produto X,Norte,Texto,67267,2835,3227.36,248,5091.67,81,4.21,1.14,13.01,57.77
2024-05-30,Campanha B,Email Marketing,Empresas,Produto X,Nordeste,Carrossel,19673,139,3037.38,4,12497.69,2,0.71,21.85,759.35,311.46
2024-01-19,Campanha D,SEO,Jovens,Serviço Z,Sudeste,Carrossel,13020,98,2818.7,3,12831.77,4,0.75,28.76,939.57,355.24
2024-01-19,Campanha A,Email Marketing,Famílias,Produto W,Norte,Vídeo,45929,336,2976.11,3,4713.65,3,0.73,8.86,992.04,58.38
2024-05-05,Campanha B,Email Marketing,Empresas,Produto Y,Norte,Banner,88496,7943,2646.73,714,11055.0,1377,8.98,0.33,3.71,317.69
2024-04-19,Campanha B,Google Ads,Empresas,Serviço Z,Sul,Carrossel,59148,2807,2168.14,154,4642.23,165,4.75,0.77,14.08,114.11
2024-02-19,Campanha A,Facebook Ads,Adultos,Produto Y,Centro-Oeste,Carrossel,85752,3678,4176.57,364,6536.2,423,4.29,1.14,11.47,56.5
2024-06-21,Campanha A,Google Ads,Idosos,Serviço Z,Sul,Carrossel,19889,402,3640.3,16,11358.2,29,2.02,9.06,227.52,212.01
2024-11-22,Campanha D,Google Ads,Jovens,Produto X,Centro-Oeste,Texto,22899,957,1009.66,59,2859.21,35,4.18,1.06,17.11,183.19
2024-05-23,Campanha A,Facebook Ads,Idosos,Produto W,Sudeste,Vídeo,16821,93,127.36,7,635.0,0,0.55,1.37,18.19,398.59
2024-06-22,Campanha C,SEO,Idosos,Produto W,Sul,Texto,36202,1585,3761.4,140,18040.66,178,4.38,2.37,26.87,379.63
2024-07-30,Campanha B,Social Media Orgânica,Famílias,Serviço Z,Norte,Vídeo,47961,452,1354.95,1,1712.19,0,0.94,3.0,1354.95,26.37
2024-04-05,Campanha B,Email Marketing,Empresas,Serviço Z,Nordeste,Texto,33803,2638,1325.69,63,1646.04,84,7.8,0.5,21.04,24.16
2024-09-18,Campanha A,Google Ads,Idosos,Produto Y,Centro-Oeste,Carrossel,55989,4254,2152.62,84,9203.27,22,7.6,0.51,25.63,327.54
2024-08-26,Campanha C,Google Ads,Jovens,Produto Y,Nordeste,Vídeo,53554,967,4642.02,34,10557.75,45,1.81,4.8,136.53,127.44
2024-12-06,Campanha A,Email Marketing,Famílias,Serviço Z,Nordeste,Carrossel,48312,2562,3611.34,237,7752.53,211,5.3,1.41,15.24,114.67
2024-10-30,Campanha D,Facebook Ads,Famílias,Produto W,Norte,Carrossel,43936,4233,1200.32,344,2453.86,354,9.63,0.28,3.49,104.43
2024-10-16,Campanha A,Google Ads,Empresas,Produto X,Sul,Vídeo,53530,2947,2399.89,138,5009.4,241,5.51,0.81,17.39,108.73
2024-02-18,Campanha B,SEO,Famílias,Produto Y,Sul,Texto,32242,467,2152.53,23,3286.28,14,1.45,4.61,93.59,52.67
2024-06-26,Campanha C,SEO,Famílias,Produto Y,Sul,Banner,4406,247,2549.47,9,6612.11,17,5.61,10.32,283.27,159.35
2024-10-05,Campanha B,Facebook Ads,Adultos,Produto X,Centro-Oeste,Carrossel,42848,2510,788.83,240,1893.71,279,5.86,0.31,3.29,140.07
2024-01-21,Campanha A,Email Marketing,Famílias,Serviço Z,Sul,Banner,82403,2865,4301.52,112,6722.8,220,3.48,1.5,38.41,56.29
2024-12-10,Campanha C,Email Marketing,Idosos,Produto X,Norte,Texto,49873,4775,964.93,192,4455.27,290,9.57,0.2,5.03,361.72
2024-06-01,Campanha B,Social Media Orgânica,Empresas,Produto Y,Centro-Oeste,Texto,59716,1398,4972.22,31,10639.87,8,2.34,3.56,160.39,113.99
2024-09-17,Campanha D,SEO,Empresas,Serviço Z,Nordeste,Carrossel,73447,1450,4621.72,53,15704.72,76,1.97,3.19,87.2,239.8
2024-01-11,Campanha B,Facebook Ads,Adultos,Produto Y,Norte,Vídeo,27019,1376,3919.89,59,6921.16,115,5.09,2.85,66.44,76.57
2024-07-16,Campanha C,Google Ads,Jovens,Produto W,Sul,Vídeo,82346,531,3617.72,28,9807.39,3,0.64,6.81,129.2,171.09
2024-03-31,Campanha C,SEO,Jovens,Produto Y,Norte,Carrossel,9200,222,2298.86,10,3167.05,7,2.41,10.36,229.89,37.77
2024-05-19,Campanha A,Social Media Orgânica,Jovens,Serviço Z,Nordeste,Vídeo,72730,6813,2769.76,166,6561.47,325,9.37,0.41,16.69,136.9
2024-07-11,Campanha B,SEO,Adultos,Produto X,Sudeste,Vídeo,12505,193,1626.79,16,3967.92,20,1.54,8.43,101.67,143.91
2024-02-10,Campanha B,Social Media Orgânica,Idosos,Produto X,Sudeste,Carrossel,66541,5978,2616.15,589,7930.22,729,8.98,0.44,4.44,203.13
2024-11-03,Campanha D,Google Ads,Idosos,Serviço Z,Nordeste,Banner,39456,1656,4201.51,148,11686.57,253,4.2,2.54,28.39,178.15
2024-05-10,Campanha C,Social Media Orgânica,Famílias,Produto Y,Norte,Carrossel,59123,5045,1286.13,254,5408.63,266,8.53,0.25,5.06,320.54
2024-06-14,Campanha D,Google Ads,Famílias,Serviço Z,Nordeste,Texto,21792,335,2786.9,30,13134.37,41,1.54,8.32,92.9,371.29
2024-02-02,Campanha B,Google Ads,Jovens,Produto X,Norte,Banner,44725,2230,1144.68,192,2362.94,134,4.99,0.51,5.96,106.43
2024-09-26,Campanha D,SEO,Famílias,Produto X,Sudeste,Texto,72437,2984,316.22,290,1200.07,398,4.12,0.11,1.09,279.5
2024-02-22,Campanha C,Facebook Ads,Famílias,Produto W,Sudeste,Texto,68196,597,4331.49,21,13728.43,9,0.88,7.26,206.26,216.94
2024-10-10,Campanha D,Email Marketing,Famílias,Produto X,Norte,Banner,4647,113,4819.65,9,16577.54,13,2.43,42.65,535.52,243.96
2024-08-19,Campanha A,Social Media Orgânica,Jovens,Produto Y,Sul,Texto,27035,1873,601.98,74,1408.87,68,6.93,0.32,8.13,134.04
2024-01-31,Campanha D,SEO,Idosos,Produto X,Nordeste,Banner,13329,73,4286.81,2,12629.95,2,0.55,58.72,2143.41,194.62
2024-06-05,Campanha B,Social Media Orgânica,Famílias,Serviço Z,Norte,Texto,7743,370,2098.34,13,8127.35,22,4.78,5.67,161.41,287.32
2024-08-29,Campanha C,SEO,Empresas,Produto W,Norte,Banner,31921,881,4621.73,51,17707.33,99,2.76,5.25,90.62,283.13
2024-12-04,Campanha D,Google Ads,Jovens,Serviço Z,Sul,Vídeo,52035,4470,2935.51,20,5571.83,18,8.59,0.66,146.78,89.81
2024-04-09,Campanha D,Google Ads,Jovens,Produto X,Sudeste,Carrossel,88197,503,1267.52,26,5546.11,20,0.57,2.52,48.75,337.56
2024-01-05,Campanha B,Google Ads,Empresas,Serviço Z,Sudeste,Carrossel,48172,517,2869.94,19,14337.61,12,1.07,5.55,151.05,399.58
2024-09-11,Campanha A,Google Ads,Jovens,Produto X,Centro-Oeste,Texto,15027,100,4595.54,9,18005.13,11,0.67,45.96,510.62,291.8
2024-01-16,Campanha A,Google Ads,Adultos,Produto X,Centro-Oeste,Texto,59324,1607,1010.72,4,4260.24,0,2.71,0.63,252.68,321.51
2024-12-08,Campanha A,Email Marketing,Idosos,Produto W,Sudeste,Banner,57839,2368,4540.02,138,14746.3,71,4.09,1.92,32.9,224.81
2024-12-26,Campanha C,Google Ads,Jovens,Produto X,Sudeste,Vídeo,75022,1826,2444.6,95,5125.74,126,2.43,1.34,25.73,109.68
2024-01-26,Campanha C,Social Media Orgânica,Idosos,Produto X,Sul,Carrossel,69135,6262,1741.08,284,7511.97,190,9.06,0.28,6.13,331.45
2024-08-04,Campanha C,SEO,Idosos,Produto Y,Sul,Texto,68076,6372,1621.31,381,6360.67,295,9.36,0.25,4.26,292.32
2024-03-25,Campanha D,Google Ads,Empresas,Serviço Z,Nordeste,Banner,79654,5315,4408.26,415,12075.57,9,6.67,0.83,10.62,173.93
2024-04-11,Campanha C,Email Marketing,Idosos,Produto Y,Sul,Carrossel,55344,2612,3662.44,166,15992.35,236,4.72,1.4,22.06,336.66
2024-02-01,Campanha D,Google Ads,Idosos,Produto W,Centro-Oeste,Vídeo,44428,1409,339.0,110,1471.27,162,3.17,0.24,3.08,334.0
2024-05-10,Campanha C,Google Ads,Adultos,Produto W,Centro-Oeste,Vídeo,88934,8025,2564.83,284,9350.02,360,9.02,0.32,9.03,264.55
2024-06-09,Campanha B,Facebook Ads,Adultos,Serviço Z,Sul,Texto,62706,5349,2763.98,205,9410.13,204,8.53,0.52,13.48,240.46
2024-05-11,Campanha C,Facebook Ads,Empresas,Produto W,Sul,Vídeo,55399,1962,3508.06,182,8801.56,290,3.54,1.79,19.28,150.9
2024-10-01,Campanha C,Email Marketing,Jovens,Serviço Z,Nordeste,Carrossel,80187,6040,2308.92,417,9734.26,438,7.53,0.38,5.54,321.59
2024-06-06,Campanha A,Facebook Ads,Jovens,Serviço Z,Sul,Vídeo,11893,251,894.63,6,1642.41,6,2.11,3.56,149.1,83.59
2024-07-28,Campanha B,Google Ads,Famílias,Serviço Z,Centro-Oeste,Carrossel,42753,1188,4746.6,70,19324.82,126,2.78,4.0,67.81,307.13
2024-11-18,Campanha C,Social Media Orgânica,Jovens,Produto W,Sul,Vídeo,28411,1392,2112.74,23,5677.62,11,4.9,1.52,91.86,168.73
2024-09-30,Campanha C,Social Media Orgânica,Famílias,Produto Y,Nordeste,Vídeo,43340,1571,2428.48,91,11911.87,0,3.62,1.55,26.69,390.51
2024-10-06,Campanha C,Email Marketing,Jovens,Produto Y,Nordeste,Carrossel,14691,67,4996.61,5,13904.23,7,0.46,74.58,999.32,178.27
2024-07-03,Campanha B,SEO,Adultos,Produto W,Norte,Banner,89822,3202,1249.39,276,2464.59,333,3.56,0.39,4.53,97.26
2024-02-02,Campanha B,SEO,Adultos,Produto X,Sudeste,Carrossel,57807,2084,4984.25,114,7872.31,137,3.61,2.39,43.72,57.94
2024-08-09,Campanha C,Google Ads,Adultos,Serviço Z,Norte,Texto,15295,1037,3778.07,77,6901.1,53,6.78,3.64,49.07,82.66
2024-09-04,Campanha B,SEO,Famílias,Produto X,Centro-Oeste,Texto,19468,986,1747.46,81,2324.32,65,5.06,1.77,21.57,33.01
2024-05-10,Campanha B,Facebook Ads,Jovens,Produto X,Sudeste,Carrossel,44206,201,3058.28,1,10576.0,0,0.45,15.22,3058.28,245.82
2024-07-29,Campanha A,Google Ads,Adultos,Serviço Z,Nordeste,Carrossel,33136,1268,4579.01,40,20004.32,60,3.83,3.61,114.48,336.87
2024-02-04,Campanha D,Facebook Ads,Jovens,Serviço Z,Nordeste,Banner,82264,7914,3925.31,245,10694.28,230,9.62,0.5,16.02,172.44
2024-06-26,Campanha B,Social Media Orgânica,Jovens,Produto X,Sul,Carrossel,51885,4826,517.63,333,800.25,344,9.3,0.11,1.55,54.6
2024-01-14,Campanha A,Facebook Ads,Idosos,Serviço Z,Nordeste,Texto,90236,1340,322.38,8,1198.03,5,1.48,0.24,40.3,271.62
2024-10-18,Campanha A,Google Ads,Adultos,Produto X,Centro-Oeste,Carrossel,68227,1728,3551.62,129,13266.96,178,2.53,2.06,27.53,273.55
2024-12-19,Campanha B,Social Media Orgânica,Adultos,Serviço Z,Sudeste,Vídeo,72631,1567,2903.14,33,13046.84,7,2.16,1.85,87.97,349.4
2024-01-18,Campanha C,Facebook Ads,Idosos,Produto Y,Sudeste,Texto,43696,469,4459.39,30,14127.94,37,1.07,9.51,148.65,216.81
2024-01-27,Campanha B,Social Media Orgânica,Adultos,Serviço Z,Sudeste,Carrossel,66907,805,3451.62,19,8319.43,21,1.2,4.29,181.66,141.03
2024-10-12,Campanha B,Social Media Orgânica,Adultos,Produto W,Norte,Carrossel,34492,728,3934.48,67,6673.05,31,2.11,5.4,58.72,69.6
2024-07-10,Campanha A,SEO,Adultos,Serviço Z,Sudeste,Vídeo,95983,1461,502.76,17,2288.42,4,1.52,0.34,29.57,355.17
2024-07-28,Campanha D,Social Media Orgânica,Idosos,Produto W,Nordeste,Vídeo,46112,2748,1545.81,123,6342.44,163,5.96,0.56,12.57,310.3
2024-03-23,Campanha A,Facebook Ads,Idosos,Produto Y,Sudeste,Vídeo,21518,898,1944.0,20,3027.12,13,4.17,2.16,97.2,55.72
2024-03-11,Campanha A,Email Marketing,Jovens,Produto Y,Centro-Oeste,Vídeo,3386,169,2987.01,15,4301.38,6,4.99,17.67,199.13,44.0
2024-06-03,Campanha C,Google Ads,Empresas,Produto Y,Nordeste,Vídeo,95768,4039,1186.98,44,2453.51,8,4.22,0.29,26.98,106.7
2024-11-10,Campanha A,SEO,Famílias,Serviço Z,Nordeste,Banner,16208,171,2878.98,15,11392.86,8,1.06,16.84,191.93,295.73
2024-10-19,Campanha C,Facebook Ads,Adultos,Produto Y,Norte,Carrossel,58829,5334,776.35,419,2430.17,305,9.07,0.15,1.85,213.03
2024-10-29,Campanha C,Social Media Orgânica,Famílias,Produto W,Sudeste,Banner,65753,5781,2847.04,304,10741.26,340,8.79,0.49,9.37,277.28
2024-05-02,Campanha B,SEO,Famílias,Serviço Z,Sul,Vídeo,19547,886,2678.45,9,9742.91,12,4.53,3.02,297.61,263.75
2024-04-25,Campanha A,Email Marketing,Empresas,Produto Y,Norte,Carrossel,25807,883,1150.44,57,2055.67,67,3.42,1.3,20.18,78.69
2024-02-09,Campanha D,Facebook Ads,Adultos,Serviço Z,Norte,Vídeo,76640,4364,4493.35,413,14779.33,181,5.69,1.03,10.88,228.92
2024-03-20,Campanha D,Email Marketing,Idosos,Serviço Z,Centro-Oeste,Texto,24545,2405,224.72,163,492.58,52,9.8,0.09,1.38,119.2
2024-12-09,Campanha B,Facebook Ads,Adultos,Produto X,Sudeste,Vídeo,87288,5196,2430.75,412,11676.68,388,5.95,0.47,5.9,380.37
2024-11-26,Campanha A,SEO,Jovens,Serviço Z,Centro-Oeste,Banner,82012,145,1946.39,7,2428.99,13,0.18,13.42,278.06,24.79
2024-03-21,Campanha B,Email Marketing,Famílias,Produto X,Nordeste,Banner,64038,137,4443.21,1,13252.67,0,0.21,32.43,4443.21,198.27
2024-12-01,Campanha C,Facebook Ads,Idosos,Produto X,Sudeste,Carrossel,88879,1788,4807.66,24,7860.35,15,2.01,2.69,200.32,63.5
2024-11-23,Campanha D,SEO,Famílias,Produto X,Norte,Vídeo,1627,136,283.22,8,1100.68,4,8.36,2.08,35.4,288.63
2024-11-10,Campanha D,Email Marketing,Idosos,Produto Y,Nordeste,Vídeo,75676,4560,2025.42,209,4881.68,407,6.03,0.44,9.69,141.02
2024-03-16,Campanha D,Google Ads,Famílias,Serviço Z,Nordeste,Vídeo,38605,418,4242.58,25,6488.85,38,1.08,10.15,169.7,52.95
2024-05-15,Campanha D,Facebook Ads,Jovens,Produto W,Nordeste,Texto,16174,1019,2464.34,17,5884.17,3,6.3,2.42,144.96,138.77
2024-10-18,Campanha B,Social Media Orgânica,Empresas,Produto W,Norte,Texto,22844,1262,3704.92,58,12035.95,85,5.52,2.94,63.88,224.86
2024-02-16,Campanha B,Social Media Orgânica,Empresas,Serviço Z,Norte,Carrossel,73317,6057,1869.82,324,8865.19,543,8.26,0.31,5.77,374.12
2024-07-17,Campanha A,SEO,Empresas,Produto W,Sul,Banner,13390,1097,3209.57,50,7288.67,97,8.19,2.93,64.19,127.09
2024-02-09,Campanha D,Social Media Orgânica,Empresas,Serviço Z,Norte,Vídeo,95497,6543,4921.59,267,13979.05,120,6.85,0.75,18.43,184.04
2024-12-07,Campanha D,Social Media Orgânica,Adultos,Produto X,Norte,Carrossel,24230,998,2799.08,60,4657.27,61,4.12,2.8,46.65,66.39
2024-09-22,Campanha C,Social Media Orgânica,Empresas,Produto X,Sudeste,Texto,27941,1524,3248.8,5,15595.37,3,5.45,2.13,649.76,380.03
2024-03-06,Campanha A,Social Media Orgânica,Idosos,Serviço Z,Centro-Oeste,Banner,24422,1083,2595.35,105,9210.83,182,4.43,2.4,24.72,254.9
2024-12-24,Campanha B,Google Ads,Idosos,Produto Y,Sudeste,Banner,26271,353,4105.61,15,5545.41,21,1.34,11.63,273.71,35.07
2024-04-07,Campanha C,Email Marketing,Adultos,Serviço Z,Centro-Oeste,Carrossel,61384,2729,4820.34,118,17629.4,59,4.45,1.77,40.85,265.73
2024-02-05,Campanha A,Google Ads,Empresas,Produto Y,Nordeste,Carrossel,23131,722,3577.65,19,15398.07,2,3.12,4.96,188.3,330.4
2024-04-17,Campanha C,Social Media Orgânica,Jovens,Produto Y,Sudeste,Carrossel,5332,362,1501.69,30,7228.73,1,6.79,4.15,50.06,381.37
2024-03-15,Campanha A,Facebook Ads,Adultos,Serviço Z,Sul,Banner,34522,103,4891.67,2,16720.29,3,0.3,47.49,2445.84,241.81
2024-11-19,Campanha C,Facebook Ads,Empresas,Produto X,Sul,Vídeo,86773,7061,4227.05,559,9034.74,853,8.14,0.6,7.56,113.74
2024-06-03,Campanha C,Google Ads,Famílias,Serviço Z,Sul,Texto,7987,220,4933.14,13,11330.29,3,2.75,22.42,379.47,129.68
2024-06-13,Campanha B,SEO,Idosos,Serviço Z,Norte,Vídeo,23353,696,4918.02,54,6958.08,15,2.98,7.07,91.07,41.48
2024-02-29,Campanha A,Email Marketing,Famílias,Produto Y,Sudeste,Banner,41241,3637,3896.0,145,17335.99,203,8.82,1.07,26.87,344.97
2024-04-27,Campanha B,Social Media Orgânica,Famílias,Produto Y,Sudeste,Carrossel,24301,1968,3049.49,44,14166.87,86,8.1,1.55,69.31,364.57
2024-05-23,Campanha D,SEO,Idosos,Produto X,Nordeste,Texto,19006,729,327.59,57,653.55,91,3.84,0.45,5.75,99.5
2024-11-25,Campanha A,SEO,Jovens,Produto W,Sudeste,Vídeo,23291,1083,2844.99,49,4052.58,32,4.65,2.63,58.06,42.45
2024-12-15,Campanha B,Social Media Orgânica,Famílias,Produto X,Centro-Oeste,Banner,23100,1637,2346.48,12,6879.08,14,7.09,1.43,195.54,193.17
2024-09-01,Campanha D,Google Ads,Jovens,Produto X,Nordeste,Carrossel,53984,1504,1474.25,38,6560.67,5,2.79,0.98,38.8,345.02
2024-02-04,Campanha B,Google Ads,Jovens,Produto X,Sul,Banner,98669,7579,412.11,634,1851.58,707,7.68,0.05,0.65,349.29
2024-08-09,Campanha D,Email Marketing,Idosos,Produto Y,Centro-Oeste,Vídeo,32240,3037,2514.73,293,11453.53,263,9.42,0.83,8.58,355.46
2024-10-23,Campanha A,Email Marketing,Jovens,Serviço Z,Nordeste,Vídeo,70353,6395,867.65,597,1134.49,797,9.09,0.14,1.45,30.75
2024-09-02,Campanha A,SEO,Famílias,Produto W,Norte,Banner,97843,6493,4031.98,584,12165.47,755,6.64,0.62,6.9,201.72
2024-07-12,Campanha C,SEO,Empresas,Serviço Z,Sul,Texto,35139,673,3835.93,24,10649.16,35,1.92,5.7,159.83,177.62
2024-08-20,Campanha A,Facebook Ads,Empresas,Produto Y,Sudeste,Carrossel,11700,652,1908.38,62,8545.59,76,5.57,2.93,30.78,347.79
2024-08-12,Campanha A,Facebook Ads,Idosos,Produto W,Norte,Carrossel,98629,7867,4339.82,477,8481.78,643,7.98,0.55,9.1,95.44
2024-09-09,Campanha D,Social Media Orgânica,Empresas,Serviço Z,Norte,Carrossel,99900,4010,1018.34,323,2034.27,464,4.01,0.25,3.15,99.76
2024-05-01,Campanha D,SEO,Famílias,Produto Y,Centro-Oeste,Carrossel,67290,4265,1319.3,414,3661.59,251,6.34,0.31,3.19,177.54
2024-05-28,Campanha B,Google Ads,Empresas,Serviço Z,Sul,Vídeo,46383,282,285.67,20,793.78,30,0.61,1.01,14.28,177.87
